"","lhs","","rhs","support","confidence","lift","count"
"[1]","{}","=>","{whole milk}",0.255516014234875,0.255516014234875,1,2513
"[2]","{honey}","=>","{whole milk}",0.00111845449923742,0.733333333333333,2.87000928505107,11
"[3]","{soap}","=>","{whole milk}",0.00111845449923742,0.423076923076923,1.65577458752946,11
"[4]","{cocoa drinks}","=>","{whole milk}",0.00132180986273513,0.590909090909091,2.31261078754115,13
"[5]","{pudding powder}","=>","{whole milk}",0.00132180986273513,0.565217391304348,2.21206249243066,13
